id,images
00084cdf8f600d00,39ff080e3b9e37d9
00141b8a5a729084,d75e248790c371d4 a0a13eb5924b395c 49dac2cf67772573
0044d82ea7654ece,80f1aba556c3de4e
00d5b448fa93e1b8,2c6f6cbaa3f586c6
012436be7f659057,
013098904123b014,
01b4c4975d1bebbe,dae359c0ea30ae97
027a19e10127d5c4,7ff5145559600413
0289a20454afe4d2,f8f23b316f565667 0e7409a4ed664eae
02cb34a8dc4030da,f901b68f3da34bab
03182100f70cf0cf,0beeba857ba4d3a3 5fce134503e4512a 5dbc9052a3b10b56
031e0db4ab66a433,b98da1a7311059c6 06636dcee6cc8c7d
0359a8986a260937,21b4d4a098d14b5d
036d00223b10d021,36e6caf43e9c9a1d ce9263b505e869eb
0389bc4066eb452f,8445f6334663becb 0cbb0d43edbb175d 2fa9e83e00f8f553
03b1294a0fa46763,46b46303aec292e5
044fae46d25c3705,dad29fc648abbd79 e12773d899e003f9 a1e09c64d7f8165a
04ab9004b863898f,7641b966da251371 5974308c168e43cc
04b5907da759ef3f,3552945d203966e8
0523f94fb3ee2724,0348f2e3916691f2 ebf5415a4ada10c3 5bb0251669a9bdb8
055dcb35370f00e9,2af24fdf36f3a80e df7e7b6cb3f4f15b
063f875880dd09c5,0b5c24b307079da8 18c15a94f5779c0a e5b0befa9aa5684c
068950f9fdb1145c,c76ce219bba4e8c2
06af43630be43790,
06d240c7cf8be3b8,3484fc21b4eb6e19
077117ab2a19d998,77e1fc7390f7449b 0eda37de4b186c2d
0776cfb823a90bd8,aef8b1d1f4fac42e 6edf1fca39ffea2c
07aa275a89f85b5b,97e652c864e4a6d2 83f08a0b9fb4a4d2
09032988bde9e0b2,319b2563c28e7a13
09350dd2a24acc46,
095402386b2d5bf3,00ba5d01e1457d89 5a232f393c249fcd dc1c460589a81da4
09777418eb3c6c5c,b1235ec170987675
0978cf3481bfbdd4,8b33acdd3bf04d40
0998a8c44e257897,010624a660d36e99 36b025b736d62186
09be107229690d64,436a9efd31fb3e54 c589c54368466074
0a0c08e258420650,aba38b7ff2701b20 09fd16e210f578db ce4d5c2fc82c9e88
0a218ef2535a5fe7,49132ea39377a14c 0f32d1bb8e69ef34
0a5f1a9600d1e869,d8c8f725c8e015cd
0ac9ed6a106dc3f4,f500b8aec84e0f2f 2e42a6a2725cfb68 cb415b6bbc20457b
0af78c566709ed7f,dd2c369db97dac5b a6427e74c67e2309 356ed7a3f764b89f
0b0b516e65cf2d91,ab00e322b8cac318 9c4bcedd9297a786
0b0f7554dd8784cb,84a36cd100ad2a99
0b129e955d8895fe,
0b2661b230ae50ae,
0b379a8d06ac425f,8338d699cb0cdd41 924c61ba2dc4f4d3 5d4036190dbc7390
0b52fcac15748d56,35574276b420f32c
0b7eb8e2f91b2e65,850fe3d3d7a9e66a
0b85b794748ff895,19ee38cd4536a9de 6fc1ed36a006adc9 c23c74dfeb554cb5
0b94e743f920c56d,fcf359e1cb5eaf84
0bee5dc68058f917,
0c3db1c240e7bdc8,
0cc07632570c2c3e,4a46e8f412bb2ded 4c79d505fd65699a
0cc77de7ae2ff9eb,7fa5185261506cbb
0ceb8d4c9cb5e90d,d9c67fb71e03017f
0d69774d8d70f654,
0dcd638d81caa9c1,a69fbbafa52439f5
0dfba3cbbb810fb2,c3183225d4079ba7
0e11d690ef95d5c8,
0e320b81b60319d7,7129517040cd37be
0e3592aa9bbe2dfc,0ee765d535853675
0e4337c30abca95c,
0e5c03884b8e8371,
0ec6eaf84d0c54b7,d2da92e0a03e4039 47999fdda0fa4c96 a509c71c3b9af621
0f39bf7e9a223680,0ad990f7b82a100b 07412136d9bdeb84 1bc6d994f5ba972d
0f69ab66bba2ea5f,
0ff068fbbd9cdfc5,
0ff22436452d101e,03e77308811a89b5 a5c6154dad9145b7 c3c4e4697a784848
108533d9e0c65f59,e9093ed5cd41d944 1b1ee8784e0c6500 00786eadd49b2121
109a8d0f063a8c96,
10bbd05f5b499c5e,716b0e3fe299a2fb ed9449efcbc4b13d
1112e94d6ea56fdc,
11861a182167b5cd,
11cb07dfefa8f8b4,8c9dee25f1efee91
11d0402ff4bc0291,38442d55fd57a007 347daa09100b095c 0542332a22159c3e
12cd8c34a21dd16b,2fe27974b6502ced 62ffb38f6f67d9d7
1321636bc74da25f,2401f88148227128 a924659a588661a9 913f0d84f29a018f
1332835cbf24c129,310fa6efef1964a7 99d72f74cfb813c4
134be876eaf58b9c,
1375aa57b4a1ee42,f456f3e686fadcbc
1378e2479baca9a1,1fdb92f7eb16344c
13832898cde5741f,
13a308b66167c6de,
13c0c229c518b149,b21559169bfa7bf8 9922e891ef761117
1430d2300e3757de,4caf191c0e10cb03 bb2860ea80f8678b
14601e4b80338195,6181c2d5baab98d5 93ed2619598a3946
14d20161c21b0758,
1538006e79f2e5f6,
154f199386210216,03e6dfd584f45063 9f3ee546577f5b03 851dbdabb8514576
155162bfc30dda28,4c197383f2c5a51e
157d1c9628d1492c,
1587abaaf33ad00f,a07cd6a1f9916ba5 eb60f3adea7c6b4d 57a2983b690f0d41
15ae471a04c8010c,
1667eee4884dd643,447097764365899b dd87a68af067a62f
167fd6b2b852162e,96cdd51caa57deff
16c489fa506336b4,da3d1b7413800b25 b719bc1ecd6715e9
170371397da7c2f2,c4b4507e2d700d24 9bcb98ecc059f650 47e7c9e73dbcb7a8
17844ab126a4386e,8768b6dbb11cdacc 4a4414ba3f602510 6231a8d07db0fcdc
179cc625ebe4c5d8,
17dba0c71998770f,0dd4c93543e38828 66f40417338ae2ad
18273fc3fa885a48,
18869dda542bc1d2,192247c58acbbdb7 f8997e04358db42b
189196e53cfcb122,b7d848f37555a7b4 4a77e29b581bd8d1 377e9171bc1026c5
189d27f1dbad502c,fec5d57aa1998cd9
18c1115a64cbd5fb,
194f4b6b9f8d4a33,71041bdde41d2d10
19651fad5d55c2fa,a91a79b372fee6c8 bbf194e68124be06
19797ba5dec20551,
19860c045c5918e4,03a2b95780324d39 1efad71150b9a8f6
198d5a6b32a9738e,817048853d6a9682
19acdd8913a834bb,
19c90de8ef5432a7,e408bf785b81a8c2 5caa357f2284cb2b 3ec26792bb90a0ab
19cc7283cb426ef6,fe03d8965b9c9ace f966a76de8b79163
19e32a1755b6aa2e,
1a1e9c769e198f80,cad44e88f1172207 7d5bc633c9e83c63 c35c2137c27cb5b8
1a242d5607e81f70,784801ec6a83e247 b3bd9173a517d0bc
1a42d78fd7eebc8e,0642858d0fbf93bc 86aa8b1ca6619889 80cdbbee097ee240
1a59f2adaf5a17d2,7b7b1940a0ef44ba e2bc6450bcb91748 f3fe31bdaa59d3e1
1a770f44a04e3f9b,f8e6bb5af1fde4d6 9e5e3e984b79bffe
1a920212f8211488,905410ca850c9787
1aca5b856b557751,7ae1c4cbf23228fe
1b13f95d002c6e6c,
1bc8b217b23a379b,99a689be2e6f756e 8ff4d58a8d79e6a4
1bc8dbc9c8b33e02,
1bcbe29f1091bc84,fc0e1a92f16e6ef7 d47c5ef1344bf9c1
1bcc58b394bb413b,6e97ad5641c481e2 abec3d444add054a
1bd8becbf7df4289,
1becea751810ded9,
1c82499a03117da0,
1c9dc439cf115f69,3afaa06d809e6801
1cec9410ba628114,4ad960dafc758199 06d476582892ddea 38ff26a3f7dd5d5d
1d70f4729f8c558d,51522b0d548a6ca6 97dba36ce7aa219c
1d7b9bfe1046b36d,
1d8ffff898eb8dd6,dcb14c851545fb36 9ca162f41ff91b31 413f7431c49ebb15
1db9d315e39aa2b6,946eb3ebaf2689d1
1dd6080b5e6fd781,c7cd2b699e9131f4 44344d1c95341d7c 57bb468a09a60d27
1e1409a3a161413d,6f52ee6859b168a2 9a8ebdfdb60927de eab13a0ded666f4a
1e54cc27508c6fc3,676b417ca75a5609
1e9b1d0d455c2561,1b3bdd098c045574 6d24782fba956440 5536baaa4f5cf4b2
1eaf6fc8478d0d78,81764b6ec0afa3d9 c779302bf90dae12
1ef3c55ac14be0d9,a813ef169de2944f
1f2849be3e77e1ad,17080b75bea3ab8a
1fa820fd0c820fc3,3bcc7f8d8b225e70 d23c3b1d2f1f3006 323e58eb856bbd56
1fdedb545054c992,2277b0b1beb04070 eed8c72124119d2d
1fe5027db59cb972,aeb6150b0281a9e1 8d4084337837acd3
200a5d2f1e63d58b,c2d3920643867c72 03964ca5b84911cf
20102c7c47e641f2,531c32c18c525d76 8c9fa5f76588e64c dc83f0aa2d8895fa
203adc2344144126,34e804eda7978304 0ee0acc6bb986c6b
2053d4abfe434e9a,a1aacdcf6dc7795b 47d0bcb04efbb1b0
207585e5368909a0,d1d24a0bd882e61e
2077c8925bb52eee,
20d229eb9f407c3b,bbfbf9a641edce9e
21b0ef2a2711a034,0a3dc7c913317c1e d6af9bc21704c72c e7e78d60fddaa4f5
2260d2c938c2adb2,4e9db3f017cd47a8 dc5d1b9158e1d144
227e843ed7163461,
228c1c7996ee2b33,bc99f40c8bff456a 525e36eced1471a2 2c77bdfd60758684
2298fa419cf49317,d15c898691718326 78aabc6835c08d8f 52b8d76219d73c5e
22c8519ea4ae4724,84556827dc78d815 184e77f537db34db 76661497c20d76ea
22f0a27c64d72378,
233426cc2c790be0,2fcba12e1200cb0e 7ccf6161b3617a9e e96f069ece4d8d44
23c98dad86526928,49600b95f0ce806f
2421c2c0b45a6903,
24360cfaaf424a94,
24472dbfa75e4afe,b99140e925abc27f
246d30bbc3f39da2,b60ee06b7c341c71 adb3c4475b924343 aad91b84efc93350
2507d69d71dc162a,e4747da89eecbfad 567d805d1a882090
25bb91b553f675b3,edb8a23cda55a27e 1f5d1a61a6c0b68f
25d3b8fb0b26af0b,a54fcf4b33fb6e32
25dc438da08856f4,75a2201a59de4504 8cf5aef8052898ce
25ecf664db34a60f,0f6ba49cf40651fe fc7d4738aca71b29
265c58debdb66bda,efcc965b8d445b56 aa2681ffa88ae65e
26ab5f7fa42c87bf,89bb34ed6836a951 0fe8c523b9c8595b
26f4d5df7f5d787f,45db4cc9e57b6f0c
2750b0e0c213e0c6,12c5df1d71418f0d 7e9d2273b3a6024a 1889b025613f88a4
275b1152f68e3602,
278dbb6cc84798ec,8efa7583c88e24d8 0811450a71d3bf08 95ebc0c7dc45dd50
280323b40ccfec5d,ec27701c3f91f153 ccd23a733a0aff43 9ee7b6ddeeafe7b2
280e92237a07f91c,1eb45c3328f8b320 384bd9aeb868df98
28bfc144134bdba7,b9bddd7fd6856351 0d5e8f6bc34c0d27
28f73307e69c22fd,b4e3c3a550a1a1da 02184f525b250a27
2933da56bd7728a7,f6e2987f424c02ed
2941a92779f5bfc0,8bceabbd6339fad4 aaf40996bb3ffb58
29c49747bf7b7b72,ce8e67135b58aeef
2b22f3a0da6cd227,939760be55fc1557 d93249f43f281bec 8b07628bda27c064
2bef81f78167de87,5e26e89d2189a1f4 4875ad6f34593a37 5e3abedd973e5ec1
2c1184c972dd896d,0affd05c8586f6c2
2c14d790ff48bc36,
2c57d2c88848cd64,dbb0df8f878a5e1a 5c4996067c882491
2c72116ad31290a0,09358acbc3434b71
2c81b8a750b68364,ef7f925d812560a9
2ca602aaa15151ba,ff253a797ca0b35c 75f02bb168c75bb3
2cc2de1c258f71bd,3eb95dcdebac1f64 a73c12fada366068 2d26108de12272a1
2cc6a09be17b2d92,
2ce92cc43313aa1d,
2d1542b5a4145970,e43482051959c318 1636cb396dd88e8c
2d7914336bb84152,efcedb0b6f454594 bf7bb68cd784b4a6 a2e9ff0ef44867b2
2d796c14aaec8959,560df1b596d47078
2d7adfb3826b7d90,
2dd0ce2f451c3c59,6f81493e25160c8e 62d26dcb226ae4fb
2e122691cc09beda,
2e27ae2e4ba6199c,faaffc797dad6eb0 c294fc2bc68656b4 515ed7a314bfe6be
2e4e401c794b3488,
2e941d71bccd55a5,dca5d1c600af0eb8
2e9853075c933180,
2e9dbeb172c3a9ab,
2ea2dbfcaec09a69,2696c6adb8d30db3
2ef690c2f9d7a661,896f38afeb8ff3f3
2f0049fd920e312f,
2f30be6988fb80a3,
2f55e15bd6732f1a,ba65d673762e6d55
2f67f55db5ee52ca,9d8ef777822e738d 1e2d25b6d0073d61
2fcc6cd66fb51054,f744013e87e4c269
2fe5fde39c985987,3102c372285a396e ab20d3ccdc361bcf e03a848cf2230063
2ff946f4648c47ad,4b79bedd1a19b041 6e9363f8f382c670 9402a49af5382f4b
302b62d05e55ccf8,0129d41f4dfef746 7ba7da69f2c9267c
304f53a97373d8d5,
306ed2e633e3ffa3,39812170639e7d0b 2f21ac6495691ae9
3076d15f95ca0d21,efe540b1a4f4118a
307d3ca97d981bf3,
3100ffe8273aad77,743f94a87cceb4e4
318af05625bae3ef,
31943796d36669fc,57d028a7e934e090 876c12af201cec1c
31be8923db5acc02,
31f174508c7c4b9a,a29ab6ac17d1867f 455f3146f798ff71
32019344e327f976,201e7ad145ae1d08
321775083541f045,2aeb1e4b5804637f 62963ea9478ea83a
3232c7cd906730a3,df2aa6016683c372 e7c7a8b857193a1d 055507c599a92197
3235b2d1a854f4f1,ceb6d7a4e1211caa f5b8a2529718c910
323a16bbbeb14e11,8a5cd606d4030946
3249b3566d1e8b09,3c3a5d654b508cb3 5edbf2e4756caccd
325fa94b54b482c2,
327ad91d965b7ee0,2bb94ab5d59e589f 1f293dcdffc6b246
3297224220825ffe,
3299e6cf5c2ba18c,82b05a85d1a1b3a7
329b042838e9789f,c454c6347e677a7e
32a6b9aa40d3606c,672aed4ca8cae351
32d8432597b2c415,72cdcc2cecbd1012
33098e79ad2aaa98,b60db0bef4104383 1f1495ffe4d2e029
3337ad16918d69d9,10ac89df0938613d d100eb271d78f053 0dc9788de9543d04
3344418cea691f2f,4f735ae2a74b1439
334e9f8a80421cd6,165c0edcf188cadf
3360b52fd129dd94,
336860244f33c825,c10ffd07eb84048a 3e504902ede0b253 99f9aa2e6976e426
338f9412fc66df2c,
340ea79dffcfc7ba,de62e15d8b87810a
347d0a03dd09457e,380620a22ddc6025 4cb5706fedc344a4
34c9d9dd90fc7bdd,032e1abcb51cc7a4 1905f7f76db9ca2b
34cfd276c0448bf5,c14285099e2c4692 296f42eb0584cfcb
34ea46124f1bc244,2d82453248eaddf7 379cced461b4222b 576838000a228abb
3544c6f7dd5be3d5,
35bcf1d1dd94d7cd,309033f91eae3d87 838d8e6648cd1e6b a10227725f697491
35c6d7ea9379ea13,1b640ed84bcaf543
36051cd89ec9ff65,91a68e1aec318c92
360b62ecf7b149fc,6d6934c61e41ccd4 754735384050ae9b 795700e72c3dca0a
36fa1234e296f5a5,29e8829a0463bd2d 0d09600b55645281 7f99bbaff9c1c51b
37019158730d2597,
372ad5b34e5a029a,c568293ce4130788 4a4e94287339bfdd
37306823c079711e,
375c3a01b36c078e,31baea84e4d1b4d2
378011861f7f8d95,914e0ed57b79dd4d 8eddc7970fdfa5c4 a3f98542b9da0c53
37eb9e775355e506,efb4f06e0f92b795
3808ab45825a6227,ce9ca51fcdfdfaa5
381921fee391313a,50c4cafbb9b36aa0 0fec9bdf0cb9e668
388f916bfa2a2648,
38bafc0a86d00ad6,e511302348d19b46
38cc85322cd9bbd8,3c9cf0fcea083683 96d9638a3e233c73 8b4d6bfae3426d05
3919c1122ba0fd57,
3931878e458fe8e8,
3935c308d0168bad,
3a27592e61bad5e2,fc4f83569fee5a96 e2486df159f49d96
3a27ff01f826a8ce,
3aa6bc4d35ee9127,cfe6da185da971c3
3aa8b001ab8f79f7,60f13fb022aff915
3ac8963429f92cee,e89957137542dc31
3adaa46f65fb772c,c12e124f47bc56dd 1fb5b7928a254988
3ae924d7327549d3,d90907cc18d3ec36 0484c876a49e8370
3c15af1963f1c431,6bfece9ed2dc6770
3c55b758154d828e,
3c676d51b638598b,d391b7c23fa80cb5
3cccf3d2a166b656,ba8d6cf42b4890ed
3cd278edcf9335ba,6f147ea7f6d14bf2 47c6eb28feb5e938 e2310a0cb4b3121d
3cee44a0b9aebfa5,847f6a2bf3892c43
3d0ffa5d789e0eee,
3d520be7b239a654,fb90e00c0f2ea749 86310989b0a7e9e2
3d7988a474ec84bb,
3d80258f24cc71b8,
3dc694d57d704c94,
3e8d5511eb2d0b77,a7c7c9c1375f8371 57028e9d52b40061 d27a09332ea7f13e
3e9d0aff63a0db7f,57abb93af6befe34 f5e8c02d4d10975a 5c026927e63d8092
3ecf0b5b3f039169,
3ed4e2fbaf99aa28,
3ef121aaac843209,c72b99a9b544b89c
3f0b68bd9286ac60,b5ee9fa5713d2b01 5ebbcee70f6e88a3
3ff3b04e0dd5e8d9,a58d8297b8e72ff4 d06370b3d508367e 733235af89916225
40876aee978499fe,8fc27228a60da1b1 12dc65e8f8372fac
40e7309ec29e9d3a,95000a4ce57ee883
40ee346dcf5c846d,29898676707f77c8 c14b45ba8108b42a
410525cc1b91dcbe,81546260e7c61d35
410dd2a91e1e42cd,
414623bd1a4e4561,974dc7d857fc57e8
4159dbfbd76e1d25,8e86705d64d5b385 c8cf5f91de1c322c 660858e00a5ca5a3
416457a7ffda1077,f093bd7eb4deb9f7
417ca545b169e87f,b72be6fff4e79b96 20abe9d655898a6e 1ba1e38f60e049fb
41be842ac0011f9c,3ddc2f83d17d7903 b911a1b2501a513f a13950b1a8894c42
42d639e03c17274e,0bd8279f4608a527 efc5458cbb576739 35604ef1ebaf549e
42f62bb231d26f5c,fb53ac12b121ee97
43d67fcb41e0323a,e1f14d20341f367b def2e8ec99285191
43e59b7b6f4ac9c3,147edeffbfd1bbad
43f8fc9d911d44a7,
43ff92088ca7c104,5e0522000eb28e47 0248daa03a1ee63b
44bfce032c0d3add,0bc4164a814647a5 c8b3c9fbcea4f46e f0faeaabfb285db4
44f5afa8f6eecdee,
45722f55657fb155,adb6fec63f38cb7a
458156935adb6550,db6989d4671de203 b555f680c10a855a
45d4ff3a7f0f8e1f,d6e830260d9de637 d98c3a2504ca76bc
45ef9499a5286490,8b82c311db55cbe7
45f408e5554590ac,125af564677a31ae 1fe4fe85edf5b705
46e027a6c8dc90e9,
470cbb836febde0c,
471286d74eb8b9f2,ab5a264e9f78956a 7696c7f14c3aaf74 957a7cbd12a345c4
472cd041c6d6bfa0,86e8184b9a0a1f6e
473acae7c36dab3a,f3af0ce68a310215 4e2c8964c5f5167f aad1fff362cb5845
4740c5d68855e518,
474e571467657ff7,
4797b8ac20d45897,ba830423fe06c5f4 e6f6b0982bd5620a
47a53b8182c1a862,417f2b0a5cec76cf
47b44359402c5d39,
48611fb93d554db7,1c43453bae16ee6f 1e8cbd2ff79cc598
49a4cc2f39c860c8,f81ddc5711e0fef9 aec23ca6ba351869
49b38202fa65f28e,931607591306f8ff b7d2c4ea6a30241c 93fde5ed42d478f6
49d2db6577a2058e,
49dfa4866ba70d79,769586885a1bfdbe
49e0da5fa106980d,93e5cfe8e23ea579 7303313716c74831 9a1f335cf5e129a3
4a44fc03d4c83fcc,3d669cfb5b41e435
4a60035c6fe7e951,7c095e62b5b7017e ac35fbf4133e3742
4a61c032687d8f84,a8a39172ecbcfbe4
4a6ea542119e4ee2,
4a9744032dbb40cc,b9147ad890259ee6
4ab9c7341be1288c,
4afdc325dfda0664,
4b130bb610c8b42b,
4b3b23d082098934,1355d10631331143
4b3c0af4c9069993,58b056ff568b1bde 9e550a0ed387c0d1
4be8b0564adbd5aa,c4b3eb367df6fd10 193a5c12c4776b48
4c0fd86948d299c0,79acf9248f4df6fb
4c5ff7c49ff77459,d98f0686bcfea48b
4c807aab051698ff,
4c80ccb7f2248ed2,277387dd4d49db4c 04986df195bb1ace
4d131def2b720ea9,c93cdfa054f630cd
4d2e0e8b11d32769,3ba2cf4df08182f2 0fd87df12bb2b0b6 132c0d61ad23fa47
4d42c13d62430805,
4dd94db8c54e0547,ef535c3048f6f342 21fccd1a99287202 f494b408646aa78e
4def0a7f848e6907,8801227bd946e0bc
4dfe0b150225f604,a3e9dcf3cf724fa2 6bcab1974eaa7670 c0c9f1ed8bcf943b
4e39212e99874f9d,
4e4fd1189cb64ff2,e499890fc14a3698 3d6a4a100d12a2b2 710d0652716f3645
4e88e33a61f40025,afd530d9ef7a9587 f7b3e11f1481967f 062bbe1419a54169
4e9f2bcfec589cbe,
4ea439dd013becc6,cf7e494355cef214 1726c15b9d6c4d45 c562bd884a2619fb
4ecaace60ac8b3c7,23b6d62e55ace647 20bcec6aeee6005f a1bc6d973c9508a0
4f9f419ab6905bd8,5c6167bfd3893f13 070710393270abb6
4f9f81f5623ba5cb,c91f04b53a1bf6d1 8a6e90361fc913bf
4facdbe9f3ab1966,f9fdbbe3a559ec87
4fe3b58b8df8624b,55bca019a626c635 23fef000256829a8
505e98229d5fa8e9,34f632fb8b38db51 512791c453ae2f7c 723942ba916476ed
50c0291353f4caee,
50db46be2b43b095,a4fe54d73be2fbff
50e0002b51e78f1c,
50f17f79a78b5439,9c3fda790179b232 e5bef2d1e8fa7d74 bb98c8bfabb7a535
513caf882acf8af6,44d9778ff52d126c 83a78528edc05e87
51ae88ec101d2221,d5bb4fb338b32ee9 362d9d70bd717cbe
51ca94b1da9a713b,
51deb719fbe6de33,
51f3f1fddd1393ef,1c0a1d41b2487deb
520f235d6f63876c,0eb75cb9e547e6f8
523398f80595aabd,ca63a4fc0fd4a4b7 116220afad054ad4
52645e6087b4d177,582d96b2a6764925
52bf63508cbe8457,af54017591d5c23c a8f00b8db9ec7736 6f30f0244885954c
5349d9f398fc116f,
538b2cd8bf6b2277,147f993210ad4f9e 3a18286af2b2478f c0d7aec79a96994c
53f03f375a18652e,1b640ed84bcaf543 59ac7a6c66c5d4b4
53f3c77732e60f27,9f88ee23607c5cdd d81921baf9e2d518 3a933a3b90a10d48
53fd14fffe334e68,60f69569d08cd31a 28465d3ae5b3c2b1
542c389f55a9bb60,
54383d4ee2216f20,39d8337ba266d421 e507588d09a18488 a4d5d981715f7bf9
545046f3523ed178,109fb7f8ccf335ba 7f9aec46658d3994 bf2ebdc36eb13877
54a4db33f7363d29,
5551c2a604e9f9b5,
5598605967df8f32,
55a20d0315020568,9a6b5a6a83cd03af
55fa1b2f213d1d90,
56aaed126d7cb956,a00d5028643f9333 89a51a8b12585cd9 4501abc10ad94643
56d525bfd1da5e15,dac88714c39b0227 5135d5b93879bc59 6c6a6e6fe9015ade
570c795b1d5acdfc,bd8a4ff30d6908b2 14cdcf040af9bd4f 2ffca8f81743ef2d
57116052e27557be,b245e154d4df3e9d 2f2e0bb02780497d
572e6ae33e1978d8,de5795032fe06baa 7b24b376c66a2d23 fed82df37fc994de
5794c70df894aa31,dabb9786d11d0c0c
57aa0e24328747f5,fb7c343ff919aab0 5fcdfd38a2b44b1a
57abac6531b4edf9,
57cb4bac366d8fa0,d3b6790cb31f7da2 73bcb6ea4200bcde 25a2bc3230925835
57d2f1f029cec012,7f0b3f51520c69ba 4c84935ee983e597 a44546abf253f933
57de50a954369e80,
57f423a6593fcc4e,3f50950597f9ba65 e291a73e85be8ad5 503442295cbcab8d
5803f586f1953ad3,ce2751c2b2615202 d03b9625e8c94fb7 9095a869cf982967
583f37150342a8f5,6ce1ee3c7fba9ecb
5842baa8f3801206,224ecc94e6ba609a c0284fc21550ac6c
5887edd070195580,764fe38e5b26fd8f 933cfd465725e914 a56a2b80dddcd184
58a17f7287068fc8,
58b7fad17f7d0cf5,
5a7f391ec3d00fa9,
5ab9e4afa3a73e7c,
5aed7c314f958601,f90df37f73886aba e4288c33662ed78c 3c31bc8361abfb09
5af62b1c395d3be9,486ceb9fca17c0c5 fa6a5e6cf2da3fb5 ca56b25f2ea9a834
5caf8b6feeb3254c,4d9f2473c96cfeb5
5ce205707443d2ed,00e6cebcad6b1b8f 755deaefdda1a552 501987721ae40ef2
5cfe2a9582fe2961,c28eb298d4b72217
5d6226fee13d89c1,953b5a4dceba6037 f9a49034a44ad61c
5d8c137410b6073d,7a3c1d30e6738f22 5f4fe33209956019
5d9af7d3c7bd2d11,bdbdee5a7333b767 d0dd40f56b25f57b
5dad930e714b3506,04c3e47d3777ee9c b65374ab86ab1e15
5dc2c853b845abea,b5c2234c1ecc30ca e90ec06cce5da78c
5e92ab4101199433,25de204e04b5457d d6c240a9ac5a603f 86c73efdd5430d83
5e951204aad6afe9,fd2d0c2cfc2cba40 68a837d31c2a9104 b80c64c3e3003461
5eeb70c23801e16d,31e041bc60aa3331 1c735677db923d86
5f14c1bbc07f34e6,1b496262f669d155 b9b5aafc932c3b1c 3558c3564f895516
5f1c08a01ec523d1,
5f27abd2ea15f147,99ad79eab0ae41bb 660a1751a2c45168 324a136d50f44330
5f5a7b3e3f2c17ca,56d4e3aa77cda328 ac28a12dbb935dc5 6b951b77e2ba6688
5f6238137076d11b,
5fc41fa23cda8d6f,82e0e1bf54b6100c 88d966b4b4bcd06e
5fc68cb1c569dfa2,d92d9677d58032bc 57424b4dc340ba9f
5ffd474f62502596,5d7cd428e45ad9db 99a27d24ad9ce013
6001b38d51139230,ab0094ce756337bb 2e8b7aa4d4a9da1b 28f23b7e699904ab
602cb3c41e158537,7483d3494d5780a0 38e8af8a3dcb573f
60d78cb47c687aec,2a2325b1259d539e 7a50c56fb0e1175b 68f50f463d8d4d5c
60e5f37127153b32,7c395b62f28adaa6 b93e54b01e3c1be5 39a1c0bcfb200c7c
60fa6d3a9fbbbfe1,faf632a149424706
60fa91c07fd161a5,852ee21545d5178f 1c002f793f2a0bf0 3458afd1835124f3
61539b1cd9fa8a20,
619a8e80db2d7319,5e9c04ef5d809096
620f1065b5b1999b,54613fcdc598aea2 324cd0bcdf2ac87a
622324b84ba70772,345822eed21e08c6 1e2df49a09e8b434
6245135a4874c62e,
6302ac6b39bb1ec2,
639831ba0ea7e7be,e3b7d30ef7917df9 a332082c11298943 14ed1fb0e5f8efd2
63cd6c6db0a582e2,a381c280af5cd83c
6453ac87e82d79d2,bb3b019a7da44fe9 a47582a8cc9db5bb 42f663d6edc8ae7b
6475a7fc3b4e56ab,
647b5de196f8948e,23ad5f1bb76d844c
648431f59ce66e47,7ed78fa1852784ee
64918aa8cae9cd3e,
651297693f0eac0a,
651ba565febd3b2a,acef67cdca0e3d6c 8e76a72bf660b8dd
652b74a5dae8255b,3ebe24cb6303fd0e 02be3974b60f63e9
655351ebf710d769,6b07ffef39005c08 196d21c5fa99f92d 99d37e1e03970288
65c97929845ebe43,6eb781b62868afec
65e86f1aa14e5f8d,657f3127b253de6f fa66c00345d9e75c 75723a555f2b2cf4
6637014a2d2fe38a,4f850885be5590a6 06c09d2b7e10bbff
664cf7c6400886ac,7eb22ae38ed0c2c6
665af752937fc80d,f264bf8152bc19f3 edea777ed30be953 467216df7386b589
667d221d38f3ef8a,
668c3b59b9d1c9ca,b0ddd1962266678e
66cde16828846280,8a6665a26bf9d993 1d14d091c4638b15 eca498a93138f920
66f5842e255c1f95,157a82d4dda0d954 a48c167a59ea57d8
67e40359b5e315cc,fe91e46d34910058 92d67693fe51f3b3 bc276e39f8f2fa11
6842276d3b7ebe2e,
684a3bd2f0819e02,7d527818fab6a479 0a5dffdcc3569440 a4cf1ce29e6f9f8a
68d9f34c5df54210,
68fb522acd2366e5,9ab7175a27870e5b 23d52f8916a66819 7119001a68128d0a
69262fda12fb7c60,f286e913876acb2f 25d460944ac3b0d4
692999a7faa2c431,fc5e2bce0215f843 4786bbc047f0e8f6
694a935e6c474252,909fbd6b8748e271 60bc739fc55399ae
6a2abf65af169728,093734cf6445f4eb a3c708b9bbfcf2ed 6560d7290e57b702
6a4f7cafd56a631b,49c40cf8f4c78a62 0b5e9076ce863014 7d60616b8f9024fa
6a5059f035328d37,f873fbca8520237f
6a56807b3e784b07,e36407d5980f1c50 c05d729e7ca86fc4 5019c7faa7f19574
6a5dd39225357542,
6a71d434391cd983,c7ddd176c9ea0223 4dad41f9407e311f
6a750fdae085ded4,1b1d833853ff5763 2fe23d87fc28becd
6aaded2b1e1e1a40,eeef1a7bb3ea99dd
6abac9eaa0ab3962,633b6e993cb1e0f3 244fcdcba604867d 06e8cc3e436ac9dc
6abd73f07b3db725,
6b1d1559331e0c7a,64baa462c8279cf4 f44dfe4b4eec140f b677e84f54ff0023
6b92ca4219dc1858,7b3391f247322ca1
6ba8dd79844384bd,d55c0b7c68a109e5 ba1bf5fe7dc20d30
6bb33f7ba08f6702,8b81f483528d2aad 8066633abf143fd0
6c23e39d4ff795b6,f0c0238c2e9ffb2d fcae504c20487a42 dee75086ef001410
6caf0249000c2e45,
6ce99a82d9a7be82,42ecb14fd1f4d15b 77cd0d5032f7d036
6d1edf6cecb6f4b2,8dbf825f4a32d540 8424fbbb83e5dc6c
6d35627860abc579,
6d668b4ef72de1cd,34ebee22c7f61b3a dd1076940d715095 3da1b1040d56b208
6d9374ef6fc5c8fa,539dff1dfd0f39b3
6e3f9448997587c9,
6e73361216d5c262,0a0a5f129b4c4dee e0f9f51e2db0f6b0 0851f27a7c883234
6e99a7b3e5b603e9,
6eebaae28c52a4d0,8509e95ed7170b97 b7adcdce29cbd8ec
6fc0492466676587,b8c0230b25884e22
6fd10cd1cc93b446,ddce41e8d1467abc b951cc80fb7515c2 4d6c41f49f818f88
6fd9c68e82ca9b19,142a5645a4599713
7033ffbaea8ed3ce,ee01e4076a2576c0
7042d6076cd18d31,1cf7134a8cbba454 46723db8344cbac7
7052eb9ca90a8115,
70a477a895db679f,ab13b5720b3bbedc
7101e0ef76e0d96c,69de22b285aa58cf 2cc42ec34daea52e
7181fa2bdaea7b7d,afcd6132a7db1971 41bc3a20a20a4258 3096486aa96f7d16
71deff9663857651,6c043ab57924ac5a 787ac8a255f84080
7227ec11a97173be,f3145e3799ed4fc1 d74e0d654374dbd2
7262e47d330c773b,83e659e72cc4f40c 324bba782be5fb73
72c74d343af3436a,790bea483f9bd12e 89ad37a434670b8b
72ea578921b3f3dd,ccaac9540819f5c0
72f6a7d79e1e5234,
73160b3753d00442,f781b3721c6921f5 d4d41bf60ad75398
7328b962134d5cee,6696cf8d580e46ba aef98d582dee9f71
737992c0d5ede016,
73932b56eccf39da,23e051a5f94ec7a1 748a541e2adb697c 9dfdafba729be526
73bc0f6de9e31ec1,
73d86cfd28ab71c0,4540ce3ff90dda45
741437e20a3182de,9ded9541d6422e83 9f72482780e6c0e4 a5fe67e9c40ed6ed
748f774a1e1ff391,617cf950431967f3 e2434d69ef3b9364 501682073433541d
74dc68dc539ecc29,8130c85a2a386957 0c75c844cdc83e53 3e07724e1b88aa1f
751d4de7d8362494,1b2960934255fd02 ee3f9ee2434c3f79 979df626b714f301
75424b6d1b857e26,bed059b50e64fe30
75495acbd4515362,
75788e295f380f7b,7cf7468dddb86930 c1b2fd1cba9b2f2e 4998cd8101cf8372
7584fd71148f621b,b3de626995b3c5f0 dfb78c9037c72bb9
75a1f02afb88123c,
75da057667774fba,e48e3fdefc7da814
75ffd43a0feb3c87,81dd81ff49b4d08a
763626e375300755,f477164babe552ed
76d80d41a53fcba6,77948abd55944067 6fc19c1460317b1d
777f9efff0fc6b81,9c041e3a0f8bbf32 1ee3d27352f8153d
77d828196de9e77c,
77dffb8103273edc,
780d1df62ae77757,44d9778ff52d126c da6d02d1139ba47a 50378385c38d8672
784d4e8bab582f2d,629ce2096febc93a ac9a2cedfbe3eab0
786121ce0adccf3b,137df892ffdc9ca7 bc8076f7d44c2984 2c5474754bf51d34
78989cfc92757c51,b523b5d0fceec02d
78ae45524b47b5bc,9c6d4c48d64dd01d cdc7021d05e0b92d 379edf8bf0918bed
7909c7d78a1ae9d5,79611cce86ef8817
790c436b67cd7f23,c32ff274d8e0e389
799519de57cbfd87,1dee7a1b62c7eee4 7c1454091e2debc4 c270e3c1ac15f3f5
79d3e020c7c86422,abc09eb2e863b267
79eea028da672811,
7a44ca6deb8422ef,74e7b249db7ab367 ed8d3294253a9907 a4ad735f463ddaf0
7aa6a9f22b0ae5ca,
7ae834c135929b1f,caa9dd56f9aeb753
7b04659bc6a2f00f,6c057b631fcdbc97
7b84819120043df4,b1dca5a2999ec5e3 a4622d259293b618
7b937e8951f10780,e8a59b5fbafe008f
7bb18bdfa24ee3cf,c7829f5d1d1745e2 8abfc7e4fade9348
7bd1d71d00e6e0ad,
7be2dd532779bb79,8a07e9d8c97cf79d c0d57caaf8f481be
7c0cd5974e387ac3,67a056d08dbb465f 6c80a4c6fc3fe20d
7c1416cee6bb34fb,c2e4d3357814d699
7ca1a27ee60bcd0a,bf4944db8e1ab975
7d634cc679371625,b389118b7cdeade2 41031e54d9ce1dbf
7d7099f37f25288a,29cc6d879b57e393 350fa959ec658cf7
7dc8bc629d551a96,665857f7b353dae1 4c149af0768e21fd b55c3ac3fc946679
7dcc22ce45a24057,f5b9e6e3d6e261cf c11c5d4a3a59ff96
7df9a836b9068c57,257da56d8bf87820
7e1392ced90bb08e,f90ddc6f6c177328 d665699af786df1d
7e26bdb075eca439,5c18bb23e7befe42 d6c2c3cac177fa72 ad6985bc0df1c551
7e2c58dcd3f52d0f,0a6b19befe1631dc
7e375aeaa466e0db,1edfcb65e4ecaee1 a5ccab25e7e5c320
7e39677976f6ed12,182dab9aba54d4d0 7584083498d4ab8e
7e3e245ea8304ccb,
7e5b5718cc5c8681,
7e77ce1f29338f90,7eda1c33ff7e89b0 ec35684ed498bd43 802975e6e77dfdfb
7e7c1845d2513c93,d99c7af633c5ecf0 a51a7eb92e0a7580 42f3be71c20b713c
7ee74881beb9b761,5b3f6a28336714d0
7eff9f79718dbd1a,57207fc5e03a7f63 7f495f5ee725e17e 7633afa4a5640b51
7f07d8da173735b6,
7f248f2bcb5c2a6a,
7f52cf24020bc1e8,2b7ed103f099898c e87c5105e433a0e2
7f700c571efccda8,42d3f4a51bb5c3e2 e203c262e8aaabee a211a73378a38571
7f9d4a905c62aa8f,125c1f12e83cb2ac 7eb72f7a20dbcb03
7f9fd45e6c8ad2ec,9d39215e195ffc4d 93fb7adf9e89bacc
7fb0a6daaa470e41,
80069b3069389de3,
801636658c584992,41442cc5f12902b2 399a5c7fb4a1e5af fcfd36574e5174bf
80ac6fd596175f6d,01d9aa361b94aada 9d6adb516bc292cf 2ce37532e37e9fdc
80c9873c557f1e48,
80df11a85afe50f9,37569f7a3152e962 e0abaeee0cb5d950
811b7ef80377b015,
8172ee88f51d4ff6,52a582082050e200 c0f9a10742f8f7f0
81e2b1f3434278d8,2f882e0912ac4872 cab921b131707f8a
81e77024ceb2e880,
81f03de1c03b7035,e2cc91123ea493c2 f427736d8ffd92c9
823703cf147908d4,
8252f1027acb00a3,b1cb1a601909b72b 8f5fa325ed8d890c 26c9f494e85ecb60
8283e10908185545,
82d4ee571fe228c2,13f1436f966616eb
82eb93fc4ccb62c5,da8d0b6177684e34 57ac8aee6f2ec799 cebeabe2c99efef9
82fbde82f1d78fd0,
8353ccc6bbf095a1,5f4d378d5c38b18b fd6cbea3a1ae2861 7e95fd8905e5f9a9
8380babca9f46d53,
83f2225112c40910,af9fc51dbfaf0adf e416b2452b56cebe 85d44e5917739070
8476399630103b54,2d5c4cd8297efa1b 7db61195c98eb192
84b7518014927f36,b81d1b6d3ebfbe24 0c90e07176cd4ce6
84c8c76e8c0196f2,a464b21daa4b4201
850c82ddb685b88a,
8537cf851c79b96b,0b76ca0aabf33794 df6dd0694d1bfe5f
8556c1fff8acaeef,1889b025613f88a4
857906b73d4fbc65,45e7d5bf398968ce c99c662259b19158 00816af06107566e
85923cec9b24ec83,
85bbb60b3a71c7c1,
85dd4f6632690708,eae81da2a7e284e8 0b9032fa7a70e840
85ec3215bf843ad8,544b72dbd9bf7d03 3e51d7c2ae33fdd0 ea78d8a89ac9399f
8630fc1042426c36,e7af82ea00cdae9d
863678c572eb34b1,a0ab91e83ad16bdf d93249f43f281bec
867ea261f49d4d4e,f0718fde957dcb02 9fc39383dadf2317 27158d32bb51bb07
8693d629917420c9,ed0284e0ef273556
86f3ea1f9e4ece42,
86fdc0d03a753ae0,0c8be12c3366a908 38ce20cfca0ce83d 548a2368aaca9fbf
871a896cf124a43f,47be63ac294de4af 8c89b8f785ba18cf
871e23d662c39f2b,
87ad17888352f964,0094fd2bcbaf729a
87ed68a91187555f,c279c70902129a28 780be4cbda40cee1 f3fe31bdaa59d3e1
8821cb4b5330b189,73318c80da879ace
88471a39dac8ac43,534818ecb3768db1 04da9391e7f9a95e ca13c575111e5107
8890929c27318d2b,
88c00cecf7a76f74,
88ec81deb52a3df6,cd2d5061824f6c94 6d3147030914befc
8982b9bdab72d897,
89b12ae28e5f957a,
8a0feffc4c713c1d,
8a356fb5eaefde38,
8a6a3543c32b330f,902edf2fbbaddd90
8a788531719fc203,505ce7a0a04002f2 771c0d43f4b5ef86
8a904083522d361f,
8a90ac4414662b6b,e855e11380bfd446 037764e06438a7e0 7c98942371027ef1
8aa2113ec3d3ad95,6b8fd089135f0ff7 8ff9e090c0d73633 06dc23710b68102b
8ae8d34a66bd1860,ca390bc24e1fbecf 47cf31acbc9e538a 36d89bea2a61e911
8b755a10f8985ed2,
8b985f84d0f13b73,
8bacd59b306f23b3,531e2075b3be299d a8fb53170f7b0483
8bdd88af66737e35,71b9e329d791c0e4 c4774cdc9350d3c8
8beef49195387bf2,
8c03882445d05b04,720c2fbf26192ec9 1e6959667d53ad11 7764c09a44d94ffb
8c141658ba0f878c,9237c249a1eaf01a da2d01abecefb07b
8c649474abf016fc,
8c845015d1606a58,6cfec08b94f8747d 0f5c5fa23d4004f0
8cb92a48233d7666,f2c3b7770183671a 1daa6d24419fdf20
8cd03acd8f0e8774,
8d13fa3a2ed54167,
8d3e2f9735ee3dfe,5fa319f1a629f966
8d99133803e95dcd,be6727ab083491d4
8e5af242ffaaee0a,18d6d6ac9fe5318f
8e5d734cbc1aa7e3,8cd7d9ffe07987e6 e8c05145f039e088
8ebb76a866ca76ef,
8ee326ef4ff9f991,6f49aa27c96f92b0
8f6e8b51fcb51128,8078fee78192bb5d
8f8517d919da173d,7830029cbcdd63e6
8fb7c4c81bb57d12,
8ff6630dd2bb0d37,a70d9dd1be0046b0
90363fc34f3eb375,2b07f9ac5a45c3ac 785967ee7d5e891f f690553eb2fae145
90cbf8493cdbd8bf,5299fcf2da7be0c4 58edadef854fcdcb
90e066e0d0ac2827,
9129c69ed4b2f111,
9193810dcb66c543,caa951d4a5905686 9ab4d3b73cc5fe47 e7aa61f0b810b3d9
91fa1816e8edba2f,
921a776f5f207841,7e9ec13ab58b3318 74ca8b4d7dcfc210
921c3aa8396411d9,51a20052a55829cf 61a06faf502abf49 f0180c88fc76f6c2
922f137c38a06112,5822b6624f6c7566 3955357b01a65030
923424a03dbb7efb,0ffa013898212b88
9265ec6df51a366e,c56a9300ceccfce2 5e51e4dadf963e79 958d9fff68c71c66
92745736a0b1deba,1dab7fb757f7a4be
92b802c6fafb258d,a9340c6c5633c367
92c35a81eeb1684d,671b5279adf137fc e9b6de9a63ef54b5
92effc7b398a14d5,884c91b529e58f7e 2992e1c8e41d607f 74193745a9a66a1b
9322a3ae341a20c0,21d4b8fdebb02f0b
9338acc12d968a03,117409989ead3d9d
934a25dafc790ae3,ebd088a638cd48e5 e3c498873f7b6541
9356f464bc0ab62c,c3a381c7bcda09b3 9bd12de5545c02c2 446796f3ef210960
93ba6aa1763a3018,8aa0c7a687da5bd1 1b5fe1c9b732cfc6 e4ab0340fb4b2115
93df4535ebabebb9,91ab2a1935e55be6 db4efc3b478d6f35 024492100b80dde9
93e2d7cada14e137,e076d6deb6c6a9cf e6ec4f8ab5fe451b
941acdbd214d9475,9eaf0e01f63307a4
945b1f36d7a6505a,
947e9df54b40406b,2535edea3de6d07a 99da413fdc31b16e 5e45f7455bdfd4c9
94d3bb6aa8b3e192,df51590f7abe7625 a34b37a43f6ef38e fb490e706fd786e0
95033f52bcce8a71,
9503fcc63e98b238,
953b178c49a97904,
95a96d0a481d9893,55e3e377c5a13515
961d9bf20e6228b3,
96b52f44d7805410,4858a264a10c86f2
96bf7d4d1e928e7e,2417a003f93d29e8
96d6a69c6c162ca0,
96dfa892d6c480b6,4363998964b6fa0c 7a75850501f50d91
96f08bba0e892f34,1bb6d858fa357093 82a96bbe8f75341f
96f9cda34594ceef,8dba531c155ce513
974867f7466fe7d9,804339b937cf7793
9841c5cd1adae6e8,7c3f68a911a2bae3 32ee549dec00be77
988b91b50417ebd1,673f15b57c6ccdd5
991003d49c6f2336,
9936c3661c61421f,c95d6850153917ee 50ec8e77d7fae5c5 e94658c537cc87ee
9947623773a7ffc3,993e65a36e3f0d0c 58b595de8a60bd8f
99a98fa7840e74c7,
99d6dac0f0456c5a,f022e07f0e3c4fe1 6c8eedc0f6194600
9a5c8d7a58c49b0c,34e29fb1f66b4758 400c2389b38b17e9
9ae9911801969fef,775b1f59233894e6 51ead958939d3719
9b21f8b41e0395ab,8fa0817ad02402ea 1215666e85dfb95d
9b315ca07d76c05e,060d8ec9ccd7121e cd8cd0d98795899a 79a2db86f70c8117
9b3cb205b57bc102,53f4391e9d80860d 4ba41e0e0702f3e4 4f62260b9e154041
9ba24bd28a39bd5d,
9ba44d8ca96568d8,
9ba98c75e3848093,95a63561a01072f2 88e8dcbde7b008a8
9bc57c3a8848628d,4e5175075c73ed3e bb53661bef8c53d6 dd1298468faf95b2
9bd26644150e5717,
9bdc4f4fc161e166,ae91b5734132c66c
9c06c4e2495d8bcb,
9c1af8728b72ab5c,
9c4a801fc66a6198,9ddfc17cb39fb298
9c9ee91c4df54a20,c7201dd4f45631d4 d96ed54651c80f8b
9cae0fe748ef5d3f,
9cfd9b1ece3e55a6,ce132ad201ba155a ffd4c81ad2535b95
9d066b52f75d311a,
9d09cd3ded19defd,8ec3499f757072fd 647e91d93ed643dc
9d0df0e4c36262f2,
9d17f0d12002e58b,6cc77e5f4ae373c7 99669f33651a73ee
9d2173775a678696,
9d22e4ce37a8f408,b34c9cdf1d3670f4 2a47843c2d6024ad
9d8a8e370b17bc47,c0919effc17b4c40 7616b95a99c16565
9e19bd9642e6861b,8874780ff45fc03e
9e8bbcf9907b3c93,242423f0587b1ae2
9e9018786049b73b,2390eea5db9f06c2 89fd81d9fbc218a2 dfd0701b19a78313
9ea8e40bcd32d0b4,
9eea571c1a1769f1,0d403682c3f8791d
9f0f7ce64016f8d1,99fadedc3cf1ac8a 07f78d34da29f57f
9f5a43e194b2dadf,
9f6871ddea77eab2,54e9fed687304bef d508aa6c3f3435cb
9fdc24f6da192be6,4e5105d0544ba60a 0ae29e583926ecda
a0b89395f16da95c,0df511eaca91fb19 31d8425798afed86 5a6fa46773b7e016
a0f396167faf80b5,a04f99ee8b9def34 b420c8e6d691154e
a1110d5886f2ab05,f9853c5c610fb991 348ce40b4033af0e
a14fe85a8d02a9eb,e2af2531abfbf8cf
a15915afc59e61bc,
a184584068360321,
a1ef68fb7013ee8b,1ce17d786d531cc3
a247e1827c4ca133,
a27298143b634405,
a331142af2b050ba,c77542e75b2bd7a0
a481dd37644cb7d8,b32d06add4f7f545 ca42efdbfe611d10
a4ea18dc93a4fe73,d995ee812974fcd8 374e62b826ddba4c 01f1ab00b8bd8b29
a511dda2aede163a,b8fe55bfa4b81450
a517b25cc470d439,
a53bf4b12a19c2bd,ff7f45466edc7cc1 fcc880a67cfcef43
a561dc44f5364185,
a5d3431ff2f73a57,
a6c59ce303ebf55b,
a720a1ae1f94fc47,f05ded7e2e05c786
a73f55ade3704a2b,0c5c80cfa3495a8e 44dbd1e517b359ad
a7c6a4d78e41a453,
a82f5fd88de27910,3f99327226fec49b
a8386ea5aaf1f017,32da1e99b5641b40 a6915ea0c447d910
a87dd22246f5f568,
a899dbd2ff082600,ffa1b80b1c00de0b e5c1cf4aec8427fd 42938873741af179
a8a1506bfe5191c3,28e5d8cd5a116127 b6e8444ec387aa8e
a8e7fe18566bc4f2,fe1d084e7da1c8cb 667fb9381298af58
a8fe8ad828842d1b,661c550f5678e791
a913fef0d3e2a107,
a9190031f0d0d923,
a91dad4c83259255,8e2f72966893fdcd
a93cb07ef50b854f,fa2238e9a52d399d e97fed9ef673fa9b 17b6ed8538303ed4
a951a2c12f116809,97359c542628503c 56ffa126dc722610 8cbe77b3962a97b0
a9b6d2f360914b37,b4216d0248b62c9c a0d7b34a4992ea01
aa549197064dd9e6,
ab12ae9bf858856e,
ab1dd953455e947c,eac4f2813a1160e6 d623b8316aab8185 1fea6e078e01fd8b
ab22181353591349,9982090528e3a097 088a1ed5f8c59aa2 e3e5d7c932c110fd
abd69bd25e483bac,805116d945f69d51 21ad084fdb4aaae7
ac04a3116b443b27,2c77bdfd60758684
ac49ecbde01e290f,ae4473caf5c83db0 86be42880dd582b0 7d05ab37abf4c4d1
ac6eeda01853c434,1034bef5bea8841b b04f31f75b6bc603
acaa333522c92cce,4202f974e3fc3a4c cf4f185087576aa0
acbce237fbc368c1,d33e0718be3a0ca0
acc94077fdb69be8,
ad5f6d90fbcf6ef7,659ef25ee2e3caef b0e35e3c9c2473d9
ad9a6c6e4194dd07,35bbc9291a6af491
ae9f34a890391df9,1da98bb30866808c
aeae3f4549d7e3f1,deafddc97e14fa61
aeb606f95bc6d1db,2e97c9bff7920927 a6c0267c3ba2bf03
aebf1a73a7768181,736f4facde04fe09 16d6bf78ef4fb19f
aeda271b4d9b5cd6,4482ef3a8f0b4415 241e71a8e8d11268
af2264d29344b46b,aa98447df5b37ba3 e0bf20b51d75b634
af564e8371968b00,a8cecf58d4eb6146 981fe0add5a309f6
af5b38ccb456a2bb,454c2d61f7e2cdf3 df5fa532395f955c c018292e23e12a68
afbd3c92766c470f,14e9d1819d3a169e d27ebcbe501e5cbf 6e516363814a7cb9
afe28d8e0a35cf2e,
b00c1d84bb5a82f9,a2bea548f128da37 564e8182ac654d69 59c897db0c8a4084
b039e285392f4062,7af4ab3eedf6e22c 8860c0c914aa8e9e b9b5f0af886f892d
b0aaa0fdb8c3754b,
b128477be9f15082,86d3903a4605436c f3145e3799ed4fc1
b19337e20ffe86fc,14d6376d083e04c0 4869b7a25be37528
b1acff6eeb27aa63,
b219acf189cec39b,cebfa4d7c0cab730 5ae1f5f7cb8c2646 a2e6b21500ad77bf
b23b3e920ba8691c,74193745a9a66a1b 9c041e3a0f8bbf32
b261823f762b365b,3ae412ee54e227d3 cc4811b859807a4f
b37716cf42d53d32,7650592a717fd505 ca6e598318583bf1
b3ad742cd7614089,8f5fc9d87764e575 91d52fc573a02e8e e01f1f4f22e52048
b422c38c9a8fcf38,
b431e0ed3e082228,90d12e36a01144fb
b4fcbdc204ab8239,4f21e6599020dc10
b538c64a0fa37d8a,
b56f1001f43ab735,
b5a41cd609852f22,
b5c94bd502a8372b,c0f9a10742f8f7f0 f94a7b80acfddabe b98274447e4521f3
b6105ee63b569aaa,28e47b92df5879a2 2455e0a8b8bdb95f
b62607952ce61290,252c069120f0bda3 1a15cb4f098b782e c14b379367ff93ca
b64e9d7737f525c0,4f5f09d940d018e1 059dc6a3e9d7402d 5a7e478deb3dd5b7
b664dae002e91b13,
b68ad17173806184,2875f73def6369e2 8ade478679c0a05d 6717bcdabb18f216
b68bc67e21f0b691,49ad15a35756ec3a
b6958a93159b8164,398d466c570ec051 40250e243a75fc50 a4d72c218396e663
b6d7d1a91e12fbc4,64e60c3f889c3490
b7063befbcc3028f,ca76cfe537361547
b72f13bb334cdca7,69de22b285aa58cf
b7632103d53422c4,a40984cec6a7e047
b77148ca4062c037,1fe42240e9eee1ca f863d164a637a393
b7edd872ae7ed202,649fa4d1a9b0a195 19e43616240dca5b ba9132d2adc01664
b831a55d487de41d,d24a77bb4c47f3ee 3884a6bdb52624ff
b835933bc9ecacce,2100e9e483ea6eb1 4aed36d95d4ac7d4 cf1594cf530f0315
b84bc7facfed1826,19fde07b5d908ab3 480813798dce0a29
b86e66455361a1f7,aae1ce94070ee65f 968b82e74d9d15da
b886b207c88ebf71,7acec16facde7856 6d4537b32211c4e6
b9104af77a39afec,80665252065e37f1 32f5ab7bf6400c28
b9374139bd30817f,222dbc30767ec362 d8fc02df22e4eaa8
b977a2b5b85e8a69,e89a8c9b954d56bd 9eebc38b2950b2c4 3146558426c3a7a5
b979431aafc0b7d2,9846ec931f2edc68
b9bb07dd9d362de8,5a8e39a897eb9a4e 9b10220f47618ea2 3db95c6bf0fa1abb
b9f4e63a1ae8cf33,
ba4052696828b076,
ba40f0963c8aa559,1d54c87f4f87ee4e
ba4c871a55313fbc,
ba7d7bc5d51a9f10,b0357f94aa37fcf6 a7aa47aecd6e7341
bb49a00066fad441,b87f32930a342d05 bc92f3c74873c393
bb55392cdb8f096b,ad14ddda32ad7520
bb59232ac04865fa,94377036250cf3c1 6f4bda753280c0da 705934fb7bc91647
bb7bbc579e95d82f,
bcd606af2662652b,a962e38335877a8e 566c89ab96ccc138
bd0fa2953983a116,
bd1ab77699961e23,52d2088a000bee11
bd3a4d8319c95501,7fe814fac7648a74 6d4925370df1dd08
bd40bdbbae005c5c,
bdb5b270c94d9fa6,
bdcb1545f95a11e8,6907227e74807525 b55b473ec9af7bd3
bdd6d17ff5cc5a86,c38ab1dd8108ff45 f66878b1dfa20658 a1d23b236b375441
bdf93eb8ca5becd0,1c55ac6c9855e74a
be3d696a9e64acf2,bb8dab324af9666d ca699d59adc135c2 1b08614cda0a7002
be4baf42da3b0d36,
be6951c9a045645a,531d039b39f6d0dd 5bdc50b06c06ca77
bf0f4bf3112c735f,
bf3bbdfbb5055eda,edb93d4630e6c5c9
bf624314d08120ff,77e2a0340f42926f
bfbb2322d846618c,70ea1649e82c9726
bfe8c8e1e4abd2a3,
c01d128612ec2a42,a3c708b9bbfcf2ed
c07a9ef17a431936,bb0aed30f80014ba 272c56522966f62c
c07eaa69b7fb1fd3,c96e473f2795ea29 b0d8a92c6923ae6c 53f78beda7b7c5d6
c0b0f14ee05e61df,b4bb22842018ea4b 7ca0d810392e3f00 445c61120fd22bf9
c0be274e9392700a,14e508423875845e 4902475788b3e994 d1db0c450f2788bb
c0bf20b932218c0c,
c0f3f20ef108607a,d8e929b57dcfc964 7a73061e26b11ab5 94f3858fb4a9ef69
c0fcbd96c23657e9,d9415a140b836ab9
c175a5f2f84bafd3,63f93a15e43624d4 398fcdb83d8a0c78
c199824e31f8b94e,
c1a2bb2ca52f05f0,637866d934d99f6d 3e04efa9f5df2da1 72e7013b610872b6
c1ac33094a72f22e,bf172036f1c5b13c 5d58eef67b024251
c1b01e3ce6236073,
c1bc97e40dfe0209,cad8d2ca1064a2c7 5066a73452ed98b3
c1fa5030dc91d5d1,
c2002358d05fc5ed,
c24bc46306aec2db,2eeb1a0c0043caa1
c2615d1e8dec5a8c,5a67d5d3639508fb 3e713f9163a0e668 9922054a067b124d
c285c098e2ea0299,
c28caf0c648dcab3,9744c035513eabb6 b29d1fba916ded51 941f6db9214acd29
c2cd7ffb6362b249,20364209cf9e51fe 7213ceec12f0f115 3fe204222677044a
c317f360bef8a84f,
c35d0f45590f38e5,f77264a776b840e1 22126ca11f0157a2
c35ff2324203e090,fc7ddf257dc89183 a2aa7984cd5af8e9
c3a510555bc2981e,544bd0e4841aa11a 4978f0123e1d1235 9915a594e1be237e
c42a82e64489d38a,0afc70d4ee1a219e 32a8988fe206b02c
c464ecca8a4f9537,3debc419235f4ab0 ce9679d9403c48ac
c4daa1efd0ec51c9,8cbdfd87df346289 48131ffda93105d1 baec262a32aaca16
c4fc11c6d836cd22,ebe70d5dc6f3ad94 3818cbf0a99693b6 dec56410ac0e9144
c56dafaad76a16f1,
c57ac6aed3368e5e,bb64a01886b31e87
c58f60d9394d1111,1169f9c97dfc31a5 eeaaa628f7365dac
c5c4cdcc62fc95e2,
c5d5615b7c9b6c57,
c5e1849eaa9d00ab,845d8046cf448ab7
c5fdffbdb13c223b,
c609796d9a9ea66d,9141553ce7b34842
c6268dc18d0f509b,8ba741f650be8428 368bb305b76c997b
c6b4ea9924aacbb4,
c70c6ec1df9ecc1f,
c7a06f76fa742c9f,
c7cd62c097e8fdee,47e0b5b2884c42ff 3238d329d9d2df1c
c8008c286431bc86,
c823c327abc956ef,ef6a129275f70a8c
c83126c7901d6946,f2f00e03e26635b1 e9e92a23241e5f9b 5437242437b175ad
c8ea802ebe00ff37,878a9a88d9e835cd
c9237c5a2cee1831,
c9300eeaa772b142,55f710f78eac6d40 0932f6418fc980e0 65bc5293cb7d938b
c947482d3b8fadab,f71a981dc17129ed c77fdeb8afbf3f65 44466dc140ccf9ed
c951aba9bf9997f3,3fa4473f39fcf02a aa66d647177755a0
c98882ed0cd907cb,16d61bf13587a0cf 550d36a770b4398d 8e642076c24d0b78
c9a126c4cc47cf96,c39c1322a0c4cd94 be703d9dd17aad69
c9aa154d9ab81317,f565711723b70422
ca1ee60f27d4766d,
ca7764f6f34e1911,3f8546fed70a6a7e a7b8f9f0d676608b a7008ba0f4a556d2
ca8348b08b05722b,d8ee0c22b3b747bd
cb1746bd3e7d53a7,0e52143a6c3bd66a
cb41fe31dfb43167,b544ce665cb081eb
cb6f80060b11d169,ccf2039ee1e333ab aa95f1bae9d5b022
cc30c798fbb6db5b,
cc9bd842a7c6f310,3b700ec891e2942e 1454e1eb94e3c4cc c9ad7573eddaaf00
ccee0f3805f57604,80baee0a47ec4cad e33aecedb76bbf05
cd439be3fd6d5452,5868a87a508419f8 2600c72dc3e7d7f6 312a4d734647d428
cd9d5e1ef1e7079e,67e3f59e2e414ef3 7dda9061eff51f8c
cd9e9471ead9789c,
cdd3bd61bfd9b6a0,1fd6fb9e0b66fb2f c4a54a5e4ffac7ba 6de5c558b28c4638
cdda2f4ba1e86f7e,
ce05dbdb084368ea,e901be296cdf3dfd cd697db63b846fd2
ce06642320375a39,769586885a1bfdbe
cf3a6b3916ab086b,
cf4880c606b879a3,12e339bfbe779926
cf4eec4aa072c4e9,5fad8b29fffe1496 089a2cfac2a43f48
cf546ce1616242e1,
cf759c2e07f7cd19,cc3948f265ea0ffc 1912f3eda8b31dc6 f0b3d084d17625ef
cf94cdd1d26bebc7,9a6e4fe8f0ecf4a5 c6422e0f4463b1c9
cfe75ccdb31b8b41,5976192fcd42033f 41adb6051b4092e9
d0230f58159d205e,
d053a13a27cce1ec,6375fdea5352bdcd
d11c9f102fcdbfbc,41b7fa309dddd873 860255fe7e732eac 4ab636260b3fb879
d1a6683604c4c589,a5d902f5ea191678 49a53df5e916c81b
d1dac438327ac5a3,bc8f3ca00cefb493 d06e7f5fcb4e1d4e 456a47cb6052d425
d1df70cb73e9e0f2,0500314f9673c71b
d1fa0bc41c5dcb68,0aad2e7e35c83096 5570bec0112a5339
d23b619e29064554,e776bbfc81a4f59e
d271e3721ef5630c,ede8aa32f8b51c0f a089af804ef05803
d2863274df18da24,c872573654158395 146dd44e42b62b93 45c981cd76d1b653
d3077e847ea7cf5e,
d3ff566b4c01f38f,
d40ceee06114e1e7,4aa30a17ec50477d 0ccb9da63bd91036
d4236e0c28e79fc3,85c5db2543c7da61 636eaf68e32aee5d a46efb26a2dbaf9c
d430a0fdf12b6325,
d442fa048953d84a,
d45893aac29f03d6,
d47af76b0117b62c,380f7abc0dc826cb
d48a68e9f122fea8,d2d6e6d318c70ead 107aa91e651e4a93
d4c9323713c55f68,0c8afa80c2517cc6 cdcd55d02db6968e
d4e5d8a48de09427,6e5136b5ebaea48d e47f9257c8776374
d55ede9e7d5722ed,932ddf6ce27c2ba4
d592854286788bc7,8b7e9f52301c18eb be1e1beb541b9d63 4c9a01b2636e8c0a
d5d33ffc06da9c5f,999e3e23d00a24f8 c1b5505ce770442c
d5dc6b3aed9694a9,911ae1207131b564 c6e1a56dfff560bb b85987af5b5358a8
d63acfd7d3bfbfe6,
d6d206bbeb322b9c,75bc78f2c80ec2f8 4ac6489f8b8a1b9e 5c7f2ed9573ec389
d6da980e28dfbf35,0d4f1c58d2653709 37a7c1d9b2b9cbde
d6f0f1236d9e5fdf,54e9fed687304bef
d6fb76e2552e91e4,163d23a7ea74d3e4 ca3a4e92aab39c6d
d7d7acb6a1105eb7,e0272926eadbe03c 6d7fb7b10cf8c252 7e69cb01fbe85db2
d8241c26d403d28a,ec9c533a92c0e66d
d83577474d7e0ec9,64099d5b27740ec8 f5d96a6ff276681e
d88190c0f094898b,01a993cf048bf50f
d886922b96aa98eb,e5e447140cb03d51 746feeb210a99ab4
d8ad24c1b0962b09,
d90242e77010e03b,fc6129bb9d4c555a
d92ff77f49c1d688,31203ef8b20dfd12 b2d95fbd16bba094
d97a89ab6c542739,c29d8af7d89153f2 981a44cf3277aee1
d98680d0748c1de1,fe8df28a7fb1302a 74aae938f61ffe3c 9672282661aa793b
d9921fd105b56e31,
d9a7b0e727840084,
d9e7e5134e1d2b4e,
d9f17f47d5f12711,
da0bb01ae5facc9f,ac676c25ae9679d5
da3230e87a321f43,2e608b5690bf718b 0eb535441528c49e f9b94f6ecf63d63b
daa71a32ce55c2fd,4f8d13043517c9aa
daba82b199e62286,3ff62539444254af c80df16b95cb8666 3d9823009040aeeb
dabd39207f6277b1,23f8cf4090633090 3c586c413abfd4c3 faa605dfb80a2fa0
dae09052862e0296,
dae1a6c848789504,
daf8ee175a4fc99c,e1e8fd475513d230
db0bc1654ad63b53,
db3b1d327d3fee6d,
db635e33c17229bb,623b36bc17b9e8d8 d9fcd75034437399 1496bd7f499a04a5
db944a4ba08b371d,6d42082ccba1c685 a149f4caf14bd0b2
db99c0222b8eca8d,b83f5031d164dd90
dbc4f0459c6388f9,3a98db34aeacce85 96988e9f4856875d c6411831156edacc
dbee5ce3e664cae9,9a44d1493ddd6f30 e7d9d66428c66d27
dc0464401dbc849e,16b62559e1256b6d
dc60d5a0cff1ff32,
dca01a3427f24792,0c361e1aa807f901 ec764419e921a062 e6bd5163e1906c80
dca15f3de57e86d1,b60157e8cf68ac22
ddda3e906a6fe207,80bd31904b187875 ebf71d80e8096bae 2e47b226184eb838
de424863d0c7e6fe,bae0ec7dd62b0c61 e9f4e90f519f1735 30a4a1211709987a
de57b1c75fe61c11,
ded6bf15c0b416fe,
df81227c98553120,b6c5a21bb62e797d
e00d7d2ef94b4c87,063eb7518c277e03
e03a30a031381e67,7e1bf973457ab6be
e05d5cde6db781ba,52ced3d0bf23bae5
e1260806915a7104,a69fdbac229841f7 4cd0ae920a8bba34 c557b72991fd8f70
e13967adc95f23c1,4d6161e7f857333c 7afb453fd86df111
e153105026e18260,c52c438430b76297 31421b8fc515f3c3 ccbb1a5e06610e9a
e1ce02fe9a759b8b,2c973d6fc303c294 e601d0c3ef11312c 5c1bbe015d3e1b97
e2ba2eba03966489,b41d54b8b6463b3e
e3b194721141b363,220569796c9898ef
e3e89689842c090b,d603de761be6fc7f 7be341499aad7ae4 2408504c39a8253f
e407e0ec3138c0b9,20648f9f24a56987 eab345f1fa69eef2 533bb279d9281de7
e422c3b517365acd,
e4257519e162bc8b,5b282aeb5087d9e1 23f8b61be3be60fd f06592cff9c86f73
e428f71bafd266fb,2b8d5fd96c426ce4
e438d7ef86b5fa1e,b668587c3f4256fe a959bbca48a7fadd b76ab4060944871c
e49eb614d764871d,
e4d86ae828cd18c2,d8be28c935c20e30 0b9032fa7a70e840
e4e28e7d0c2987f2,24f5c6ea844e632b b99bfa9ed2119b70
e4eb0cb74735f9aa,a2e9ff0ef44867b2 a37bddd58791c7f0
e4f9041bb2e9515c,
e509b634c0a0c417,68a2b1d6b9914675 fedac76684d8d46b
e51a64fb1acbe8ba,c79e97d993a37136 cdd7d93426b5b902
e525aa6a9b480134,169034c9359edd26
e538346a6978918e,9f4e58ac1c0571bc
e57bd722f4e7bc54,
e5a9bb53b4a5c919,0746781a4ddd0bee d19fa2ca822c69b3 f8eb0b7b741977a0
e5c12fedba8e1e0d,870ba67bb6465063 2bdcc14a70818e36 58bc3932a5de5dd6
e620d3a4e8303a6b,
e622838a0f6faac0,35e8be86b3d38ecb bc40dd7c7d6d404c 80709307117b3c20
e6321d667620aed2,a09d3840ea71130d
e72c235562b5e5f8,0ef74a4a6abceee0 2ece844e983f9f89
e758905bfd91eec4,
e806774c5bc75560,6b8fd089135f0ff7 86069c1085a4b61c
e81e898e83a2b5ad,a2fbac0393617e60
e838ce9ed4699795,599c5bb096aea057 978000134673d89b
e8490e854ada2563,e502c30be6174cf2 a571702115ea6068
e8498b30ed675b60,c99c2185cfb68877
e8a527c214855e15,9c35ee0ce0efc9d9 216d1bea7a259232 9c9206da5fb991e9
e8e62a3e45c0bfbb,
e9dee8779a7143be,c77542e75b2bd7a0 ea38e5484117478b
e9e1b7851fcecf75,5099ca9caf769be9
ea9e68b09304e005,
eaa446b453632f5b,03ebefc431c07e7e
eade7eb96d25cfd6,d5d48dbf772826d9
eae842a73da938bf,0604359ac04e082f bd17fdfc944f68f2
eb016ea0443e1131,863150c5f2196020 eb6297098cb16947 a773cf172a18ae6b
eb29c0770e559195,
eb4e660a1a9e3aff,
eb7454d734ccf70f,
eb7485e0325b4915,
eb79aeef2dd61490,a82b19b8fca138eb
ec5f2f6989113f54,a0035c02b32fac3c 180470ba76c9074e
ec68787a624616a7,a3cff7cf9b7a8993 aa9ef3b08143e47a
ecfdb1b59d7774fd,cbcf70dda4ecc544 0e2d11ccaacc0c07
ed2560a3ddc56dd1,20d3ad6d69713585
ed41a2b9afa6a1c6,4ab516cd303a18d0 4b63285f9db63e38
ed85edf01da02f26,6050e2c1ecc43edc
edf47a477b28e6e4,f4dee18e084189cb
ee3bb659d4258609,
ee9e39b1f3ddfd02,
eeb98e69ef615f88,b4e12e5cf279b741 d838a4e1de8db682
eebd967021210020,77dadfb7169a3d0a 0b4a0f467b486e26
ef06526bbf249ef8,
ef686273204db845,13683d3bc753a9e5 c0877ac6d8c3e19b bf70566c4db63ad8
efa0946d672d2849,
f000ee48677265de,c1e5416bcec20539
f061ebd1c35a0ca9,cd1add3cb69296ab
f06ab4cbe472fefd,
f08a54e7845731dd,
f0edab948f966cc1,72606f89498ebd71
f10064b5832348a5,3da71184c46d7d04 861e4cfcd7ee9ba6
f10f614f577ea593,
f121f08a185e9e84,3b8e500c90061ff1
f176e0fe5888f2d4,74288c4a6314ff09 c736c6f89651de4e 7fa0f96063ff58f7
f1962cd5a03b4c64,db4f48b6c2a402a5 d116b97ce0d7840f
f1b799731b897930,f1adf9d1d60a58e1 1b31f26a675184fd
f231a45b3e797e8e,
f304b0d06ea33d41,
f37ed6a03b1064e6,248f02c6db8e1bb8
f38e551406444d1c,69300ef150b8bf5f 9c808e4ad8f7d5fc fde46515c1473a0e
f39adf8f775ea394,
f3e4c7ac5d7e3995,dc4e4f2462023b28 4eafd5f655d14837 72d049daf5b85d67
f419c0e5df7fca11,2bc723de1b5cd5cc e8dcee7f77d06aa8 82461c5da6cb1b30
f4393f8f69d09a81,f94b8edf4a57b299
f45e7b4a2ed58283,
f5414dd33157d916,
f5608e698c271cc3,61965e83ab0b0ffc 915fdb314303e005 a23b17b3e5553009
f5b184db1bd0df4f,
f6876513fc1f1739,cacd8b4c3f58c70a ea52a39e0382814d 24cb68091e90bad3
f6b129ea0a00f89b,ca71fa3fcc7bd8d6 d0d1872189831963 5ceb77698a0ae767
f70d02e3c6d3148a,7fd2fc1442a4ffb2 11a5925fe5473662 51a8997fc184eff6
f779617fdb218f8b,f8a9d1a1c1fe1878 4605b0b22f44adc6 5e1f51f7a7e1b00b
f796f10d18cf0353,
f832860c32f2b04e,837cb934cde2ea17 744a1f39674957e2
f847746b90f50df5,3d4ca5350da41e05 14e626c4d7fa805e
f88ba8a148e0f1f9,1f6161a136424b72 280ffca2cad33ce2
f89919387a8f06bc,d0787d4bdc5c8b9a f7b61f4a0a7cbd2a e7d3fa728172155c
f8f46d18b2a5b4cf,bc6a4a9a070ce16e
f92b2aa12763892e,
f95a58e099db6d9b,8f856c4a613a469b 04b8f92670ecbfde cf3f69cd8155d919
f9881272a1a1e49a,
f98a0752de179429,
f994c48f58cfd01b,85314b08c5dfb671 a3e9ca971df42599
f9ca759ca45c33dd,1599303ecc947313 f927ac0159c698a6
f9d5b015bbc62253,21c9b9136df79372 c2a47acf45eb6e85 fd4850395ecd1af8
f9e146301ebab3d7,d2bb125523b60ea7 8905135cd3fb87c2 c22a811fce9864f3
fa3eb2b2bc05189c,
fafe2b4e7883721a,ff5f9c9319593a7d 3c121b4af10a2a0f
fb3aafae95ddbff6,
fb3d4881aee5dfe5,edb93d4630e6c5c9 360ae5a561ed017c 1dee6dd23249214a
fb756a6efdaa7a71,db868d2d3e675839 c7b1e354aecf7a3b 6c016a7e6705637e
fbf13240d1524003,
fbf86c3adecdb989,
fc4d2cbcef593f26,22ebc5aa4096173c d9ca72356a1601f5
fc76f42f5f20139f,d589889b962874c4
fcb7c2c0d9f65370,2c220b1f3e337214 8f2d61a58c33c2d4
fcd3ecc2366dcc72,ab1a0b64bcb27925
fda4117cfd9c56ec,9e02403f867c0e10 671ca2bf83b12ab1
fdd252a2f5a618b7,7e0b4106d3d891ff dd557aecd93bc758 8834afb23aeddbbe
fe58a313126c9d99,35f27ee483412308 3b8c6b2f2e548db5 5542fd1743b49a2f
fe79139bb1a2fd99,dbbb154f4f2f5665 94c3ebc3fb5344b5 01ed1d74a86db8e4
fe91b5bde2acd58e,79227bfee5f19d2f 1ad76e91f453f92e
fed27ab4e4b89481,c5203c0a7b9d6fb6 867217f3bd4e4e82 f8a9d1a1c1fe1878
ff06f084134f4df6,acd395de725c6ffa 0adc1ff5ed5df4b5 4b57b48ac2b7eb55
ff4135c3071f7b36,216d1bea7a259232 067a42c02294ce2c
ff8b519e7dfc5506,59ca927b6e0c8a7a 452a2125ea39a713
ffb08958f4e67f61,b6b5c29be4dd342d
ffb4bfd04f23dee7,15a18361cd04474a 903dc20092c78b11 487ec2e661890e9d
